id,code,municipality_id/id,name
res_country_parish_1,01,res_country_municipality_187,Ocumare del Tuy
res_country_parish_2,02,res_country_municipality_187,La democracia
res_country_parish_3,03,res_country_municipality_187,Santa Bárbara
res_country_parish_4,04,res_country_municipality_188,San Antonio de los Altos
res_country_parish_5,05,res_country_municipality_189,Río Chico
res_country_parish_6,06,res_country_municipality_189,El Guapo
res_country_parish_7,07,res_country_municipality_189,Tacarigua de la Laguna
res_country_parish_8,08,res_country_municipality_189,Paparo
res_country_parish_9,09,res_country_municipality_189,San Fernando del Guapo
res_country_parish_10,10,res_country_municipality_190,Santa Lucía
res_country_parish_11,11,res_country_municipality_191,Cúpira
res_country_parish_12,12,res_country_municipality_191,Machurucuto
res_country_parish_13,13,res_country_municipality_192,Guarenas
res_country_parish_14,14,res_country_municipality_193,San Francisco de Yare
res_country_parish_15,15,res_country_municipality_193,San Antonio de Yare
res_country_parish_16,16,res_country_municipality_194,Petare
res_country_parish_17,17,res_country_municipality_194,Caucaguita
res_country_parish_18,18,res_country_municipality_194,Fila de Mariches
res_country_parish_19,19,res_country_municipality_194,La Dolorita
res_country_parish_20,20,res_country_municipality_194,Leóncio Mariches
res_country_parish_21,21,res_country_municipality_195,Cúa
res_country_parish_22,22,res_country_municipality_195,Nueva Cúa
res_country_parish_23,23,res_country_municipality_196,Guatire
res_country_parish_24,24,res_country_municipality_196,Bolívar
res_country_parish_25,25,res_country_municipality_197,San Antonio
res_country_parish_26,26,res_country_municipality_197,San Francisco
res_country_parish_27,27,res_country_municipality_198,Aguasay
res_country_parish_28,28,res_country_municipality_199,Caripito
res_country_parish_29,29,res_country_municipality_199,Caripe
res_country_parish_30,30,res_country_municipality_199,El Guácharo
res_country_parish_31,31,res_country_municipality_199,La Guanota
res_country_parish_32,32,res_country_municipality_199,Sabana de Piedra
res_country_parish_33,33,res_country_municipality_200,San Agustín
res_country_parish_34,34,res_country_municipality_200,Teresén
res_country_parish_35,35,res_country_municipality_201,Caicara
res_country_parish_36,36,res_country_municipality_201,Areo
res_country_parish_37,37,res_country_municipality_201,San Félix
res_country_parish_38,38,res_country_municipality_201,Viento Fresco
res_country_parish_39,39,res_country_municipality_202,Punta de Mata
res_country_parish_40,40,res_country_municipality_202,El Tejero
res_country_parish_41,41,res_country_municipality_203,Libertador
res_country_parish_42,42,res_country_municipality_203,Chaguaramas
res_country_parish_43,43,res_country_municipality_203,Las Alhuacas
res_country_parish_44,44,res_country_municipality_203,Tabasca
res_country_parish_45,45,res_country_municipality_204,Maturín
res_country_parish_46,46,res_country_municipality_204,Alto de los Godos
res_country_parish_47,47,res_country_municipality_204,Boquerón
res_country_parish_48,48,res_country_municipality_204,Las Cocuizas
res_country_parish_49,49,res_country_municipality_204,San Simón
res_country_parish_50,50,res_country_municipality_204,Santa Cruz
res_country_parish_51,51,res_country_municipality_204,El Corozo
res_country_parish_52,52,res_country_municipality_204,El furrial
res_country_parish_53,53,res_country_municipality_204,Jusepín
res_country_parish_54,54,res_country_municipality_204,La Pica
res_country_parish_55,55,res_country_municipality_204,San Vicente
res_country_parish_56,56,res_country_municipality_205,Aragua
res_country_parish_57,57,res_country_municipality_206,Aparicio
res_country_parish_58,58,res_country_municipality_205,Chaguaramal
res_country_parish_59,59,res_country_municipality_205,El Pinto
res_country_parish_60,60,res_country_municipality_205,Guanaguana
res_country_parish_61,61,res_country_municipality_205,La Toscana
res_country_parish_62,62,res_country_municipality_205,Taguaya
res_country_parish_63,63,res_country_municipality_206,Quiriquire
res_country_parish_64,64,res_country_municipality_206,Cachipo
res_country_parish_65,65,res_country_municipality_207,Santa Barbara
res_country_parish_66,66,res_country_municipality_208,Barrancas
res_country_parish_67,67,res_country_municipality_208,Los Barrancos de Fajardo
res_country_parish_68,68,res_country_municipality_209,Uracoa
res_country_parish_69,69,res_country_municipality_210,Cm. La Plaza de Paraguachi
res_country_parish_70,70,res_country_municipality_211,La Asunción
res_country_parish_71,71,res_country_municipality_212,San Juan Bautista
res_country_parish_72,72,res_country_municipality_212,Zabala
res_country_parish_73,73,res_country_municipality_213,Valle Esp. Santo
res_country_parish_74,74,res_country_municipality_213,Francisco Fajardo
res_country_parish_75,75,res_country_municipality_214,Santa Ana
res_country_parish_76,76,res_country_municipality_214,Bolivar
res_country_parish_77,77,res_country_municipality_289,Monseñor Carrillo
res_country_parish_78,78,res_country_municipality_289,Andres Linares
res_country_parish_79,79,res_country_municipality_289,Tres Esquinas
res_country_parish_80,80,res_country_municipality_290,La Quebrada
res_country_parish_81,81,res_country_municipality_290,Cabimbu
res_country_parish_82,82,res_country_municipality_290,Jaje
res_country_parish_83,83,res_country_municipality_290,La Mesa de Esnujaque
res_country_parish_84,84,res_country_municipality_290,Santiago
res_country_parish_85,85,res_country_municipality_290,Tuñame
res_country_parish_86,86,res_country_municipality_291,Juan Ignacio Montilla
res_country_parish_87,87,res_country_municipality_291,La Beatriz
res_country_parish_88,88,res_country_municipality_291,Mercedes Diaz
res_country_parish_89,89,res_country_municipality_291,Mendoza Fria
res_country_parish_90,90,res_country_municipality_291,La Puerta
res_country_parish_91,91,res_country_municipality_291,San Luis
res_country_parish_92,92,res_country_municipality_292,Santa Isabel
res_country_parish_93,93,res_country_municipality_292,Araguaney
res_country_parish_94,94,res_country_municipality_292,El Jaguito
res_country_parish_95,95,res_country_municipality_292,La Esperanza
res_country_parish_96,96,res_country_municipality_293,Sabana Grande
res_country_parish_97,97,res_country_municipality_293,Cheregüé
res_country_parish_98,98,res_country_municipality_293,Granados
res_country_parish_99,99,res_country_municipality_278,El Socorro
res_country_parish_100,100,res_country_municipality_294,Antonio José de Sucre
res_country_parish_101,101,res_country_municipality_294,Los Caprichos
res_country_parish_102,102,res_country_municipality_294,Campo Elías
res_country_parish_103,103,res_country_municipality_295,Arnoldo Gabaldón
res_country_parish_104,104,res_country_municipality_295,Santa Apolonia
res_country_parish_105,105,res_country_municipality_296,El Progreso
res_country_parish_106,106,res_country_municipality_296,La Ceiba
res_country_parish_107,107,res_country_municipality_296,Tres de Febrero
res_country_parish_108,108,res_country_municipality_297,Pampánito
res_country_parish_109,109,res_country_municipality_297,La Concepción
res_country_parish_110,110,res_country_municipality_297,Pampánito II
res_country_parish_111,111,res_country_municipality_298,San Pablo
res_country_parish_112,112,res_country_municipality_299,Aroa
res_country_parish_113,113,res_country_municipality_300,Chivacia
res_country_parish_114,114,res_country_municipality_300,Campo Elías
res_country_parish_115,115,res_country_municipality_301,Cocorote
res_country_parish_116,116,res_country_municipality_302,Independencia
res_country_parish_117,117,res_country_municipality_303,Sabana de Parra
res_country_parish_118,118,res_country_municipality_304,Boraure
res_country_parish_119,119,res_country_municipality_305,Yumare
res_country_parish_120,120,res_country_municipality_306,Nirgua
res_country_parish_121,121,res_country_municipality_306,Salom
res_country_parish_122,122,res_country_municipality_306,Temerla
res_country_parish_123,123,res_country_municipality_307,Yaritagua
res_country_parish_124,124,res_country_municipality_307,San Andres
res_country_parish_125,125,res_country_municipality_308,San Felipe
res_country_parish_126,126,res_country_municipality_308,Albarico
res_country_parish_127,127,res_country_municipality_308,San Javier
res_country_parish_128,128,res_country_municipality_309,Guama
res_country_parish_129,129,res_country_municipality_310,Urachiche
res_country_parish_130,130,res_country_municipality_311,Farriar
res_country_parish_131,131,res_country_municipality_311,El Guayabo
res_country_parish_132,132,res_country_municipality_312,Isla de Toas
res_country_parish_133,133,res_country_municipality_312,Monagas
res_country_parish_134,134,res_country_municipality_313,San Timoteo
res_country_parish_135,135,res_country_municipality_313,General Urdaneta
res_country_parish_136,136,res_country_municipality_313,Libertador
res_country_parish_137,137,res_country_municipality_313,Manuel Guanipa Matos
res_country_parish_138,138,res_country_municipality_313,Marcelino Briceño
res_country_parish_139,139,res_country_municipality_313,Pueblo Nuevo
res_country_parish_140,140,res_country_municipality_314,Ambrosio
res_country_parish_141,141,res_country_municipality_314,German Rios Linares
res_country_parish_142,142,res_country_municipality_314,Jorge Hernandez
res_country_parish_143,143,res_country_municipality_314,La Rosa
res_country_parish_144,144,res_country_municipality_314,Punta Gorda
res_country_parish_145,145,res_country_municipality_314,Carmen Herrera
res_country_parish_146,146,res_country_municipality_314,Romulo Betancourt
res_country_parish_147,147,res_country_municipality_314,San Benito
res_country_parish_148,148,res_country_municipality_314,Aristides Calvani
res_country_parish_149,149,res_country_municipality_315,Encontrados
res_country_parish_150,150,res_country_municipality_315,Udon Perez
res_country_parish_151,151,res_country_municipality_316,San Carlos del Zulia
res_country_parish_152,152,res_country_municipality_316,Moralito
res_country_parish_153,153,res_country_municipality_316,Santa Cruz del Zulia
res_country_parish_154,154,res_country_municipality_278,Uribarrí
res_country_parish_155,155,res_country_municipality_316,Santa Bárbara
res_country_parish_156,156,res_country_municipality_316,La Concepción
res_country_parish_157,157,res_country_municipality_317,José Ramón Yépez
res_country_parish_158,158,res_country_municipality_317,Mariano Parra León
res_country_parish_159,159,res_country_municipality_317,San José
res_country_parish_160,160,res_country_municipality_317,Concepción
res_country_parish_161,161,res_country_municipality_318,Andrés Bello
res_country_parish_162,162,res_country_municipality_318,Chiquinquirá
res_country_parish_163,163,res_country_municipality_318,El Carmelo
res_country_parish_164,164,res_country_municipality_318,Potreritos
res_country_parish_165,165,res_country_municipality_318,Alonso de Ojeda
res_country_parish_166,166,res_country_municipality_319,Campo Lara
res_country_parish_167,167,res_country_municipality_319,Eleazar López Contreras
res_country_parish_168,168,res_country_municipality_319,Venezuela
res_country_parish_169,169,res_country_municipality_319,Libertad
res_country_parish_170,170,res_country_municipality_320,Bartolomé de las Casas
res_country_parish_171,171,res_country_municipality_320,San José de Perijá
res_country_parish_172,172,res_country_municipality_320,Río Negro
res_country_parish_173,173,res_country_municipality_320,San Rafael
res_country_parish_174,174,res_country_municipality_321,Luis de Vicente
res_country_parish_175,175,res_country_municipality_321,Mons. Marcos Sergio Godoy
res_country_parish_176,176,res_country_municipality_321,Ricaurte
res_country_parish_177,177,res_country_municipality_321,La Sierrita
res_country_parish_178,178,res_country_municipality_321,Las Parcelas
res_country_parish_179,179,res_country_municipality_321,Tamare
res_country_parish_180,180,res_country_municipality_321,Bolívar
res_country_parish_181,181,res_country_municipality_322,Cacique Mara
res_country_parish_182,182,res_country_municipality_322,Caracciolo Parra Pérez
res_country_parish_183,183,res_country_municipality_322,Cecilio Acosta
res_country_parish_184,184,res_country_municipality_322,Cristo de Aranza
res_country_parish_185,185,res_country_municipality_322,Coquivacoa
res_country_parish_186,186,res_country_municipality_322,Chiquinquirá
res_country_parish_187,187,res_country_municipality_322,Francisco Eugenio Bustamante
res_country_parish_188,188,res_country_municipality_322,Idelfonso Vásquez
res_country_parish_189,189,res_country_municipality_322,Juana de Ávila
res_country_parish_190,190,res_country_municipality_322,Luis Hurtado Higuera
res_country_parish_191,191,res_country_municipality_322,Manuel Dagnino
res_country_parish_192,192,res_country_municipality_322,Olegario Villalobos
res_country_parish_193,193,res_country_municipality_322,Raúl Leoni
res_country_parish_194,194,res_country_municipality_322,Santa Lucía
res_country_parish_195,195,res_country_municipality_322,Antonio Borjas Romero
res_country_parish_196,196,res_country_municipality_322,Venancio Pulgar
res_country_parish_197,197,res_country_municipality_322,San Isidro
res_country_parish_198,198,res_country_municipality_322,Altagracia
res_country_parish_199,199,res_country_municipality_323,Ana María Campos
res_country_parish_200,200,res_country_municipality_323,Faria
res_country_parish_201,201,res_country_municipality_150,San Antonio
res_country_parish_202,202,res_country_municipality_323,San José
res_country_parish_203,203,res_country_municipality_323,Sinamaica
res_country_parish_204,204,res_country_municipality_324,Elias Sánchez Rubio
res_country_parish_205,205,res_country_municipality_333,Guajira
res_country_parish_206,206,res_country_municipality_324,Alta Guajira
res_country_parish_207,207,res_country_municipality_324,El Rosario
res_country_parish_208,208,res_country_municipality_324,Donaldo García
res_country_parish_209,209,res_country_municipality_325,Sixto Zambrano
res_country_parish_210,210,res_country_municipality_333,Santa Rita
res_country_parish_211,211,res_country_municipality_325,Pedro Lucas Urribarrí
res_country_parish_212,212,res_country_municipality_325,El Mene
res_country_parish_213,213,res_country_municipality_326,José Cenovio Urribarrí
res_country_parish_214,214,res_country_municipality_326,Bubures
res_country_parish_215,215,res_country_municipality_326,Gibraltar
res_country_parish_216,216,res_country_municipality_326,Heras
res_country_parish_217,217,res_country_municipality_327,Mons. Arturo Celestino Alvarez
res_country_parish_218,218,res_country_municipality_333,Romulo Gallegos
res_country_parish_219,219,res_country_municipality_327,El Batey
res_country_parish_220,220,res_country_municipality_327,La Victoria
res_country_parish_221,221,res_country_municipality_327,Rafael Urdaneta
res_country_parish_222,222,res_country_municipality_327,Raul Cuenca
res_country_parish_223,223,res_country_municipality_327,Simon Rodriguez
res_country_parish_224,224,res_country_municipality_333,Carlos Quevedo
res_country_parish_225,225,res_country_municipality_328,Francisco Javier Pulgar
res_country_parish_226,226,res_country_municipality_328,Jesus Maria Semprun
res_country_parish_227,227,res_country_municipality_328,Bari
res_country_parish_228,228,res_country_municipality_329,San Francisco
res_country_parish_229,229,res_country_municipality_329,El Bajo
res_country_parish_230,230,res_country_municipality_329,Domitila Flores
res_country_parish_231,231,res_country_municipality_330,Francisco Ochoa
res_country_parish_232,232,res_country_municipality_330,Los Cortijos
res_country_parish_233,233,res_country_municipality_333,Marcial Hernandez
res_country_parish_234,234,res_country_municipality_331,Manuel Manrique
res_country_parish_235,235,res_country_municipality_331,Rafael Maria Baralt
res_country_parish_236,236,res_country_municipality_331,Rafael Urdaneta
res_country_parish_237,237,res_country_municipality_331,Caraballeda
res_country_parish_238,238,res_country_municipality_331,Carayaca
res_country_parish_239,239,res_country_municipality_332,Caruao
res_country_parish_240,240,res_country_municipality_332,Catia La Mar
res_country_parish_241,241,res_country_municipality_332,El Junko
res_country_parish_242,242,res_country_municipality_323,La Guaira
res_country_parish_243,243,res_country_municipality_214,Macuto
res_country_parish_244,244,res_country_municipality_214,Maiquetia
res_country_parish_245,245,res_country_municipality_215,Naiguata
res_country_parish_246,246,res_country_municipality_215,Raul Leoni
res_country_parish_247,247,res_country_municipality_216,Carlos Soublette
res_country_parish_248,248,res_country_municipality_216,Guevara
res_country_parish_249,249,res_country_municipality_217,Matasiete
res_country_parish_250,250,res_country_municipality_218,Sucre
res_country_parish_251,251,res_country_municipality_218,Pampatar
res_country_parish_252,252,res_country_municipality_219,Aguirre
res_country_parish_253,253,res_country_municipality_219,Juan Griego
res_country_parish_254,254,res_country_municipality_220,Adrian
res_country_parish_255,255,res_country_municipality_220,Porlamar
res_country_parish_256,256,res_country_municipality_221,Boca del Rio
res_country_parish_257,257,res_country_municipality_222,San Francisco
res_country_parish_258,258,res_country_municipality_222,Punta de Piedra
res_country_parish_259,259,res_country_municipality_223,Los Barales
res_country_parish_260,260,res_country_municipality_223,San Pedro de Coche
res_country_parish_261,261,res_country_municipality_224,Vicente Fuentes
res_country_parish_262,262,res_country_municipality_224,Agua Blanca
res_country_parish_263,263,res_country_municipality_224,Araure
res_country_parish_264,264,res_country_municipality_224,Rio Acarigua
res_country_parish_265,265,res_country_municipality_224,Piritu
res_country_parish_266,266,res_country_municipality_225,Uveral
res_country_parish_267,267,res_country_municipality_225,Guanare
res_country_parish_268,268,res_country_municipality_225,Cordoba
res_country_parish_269,269,res_country_municipality_226,San Jose de la Montaña
res_country_parish_270,270,res_country_municipality_226,San Jose de Guanaguanare
res_country_parish_271,271,res_country_municipality_227,Virgen de la Coromoto
res_country_parish_272,272,res_country_municipality_227,Guanarito
res_country_parish_273,273,res_country_municipality_227,Trinidad de la Capilla
res_country_parish_274,274,res_country_municipality_228,Divina Pastora
res_country_parish_275,275,res_country_municipality_228,Chabasquen
res_country_parish_276,276,res_country_municipality_228,Peña Blanca
res_country_parish_277,277,res_country_municipality_228,Ospino
res_country_parish_278,278,res_country_municipality_229,Aparicion
res_country_parish_279,279,res_country_municipality_229,La Estacion
res_country_parish_280,280,res_country_municipality_230,Acarigua
res_country_parish_281,281,res_country_municipality_230,Payara
res_country_parish_282,282,res_country_municipality_231,Pimpinela
res_country_parish_283,283,res_country_municipality_231,Ramon Peraza
res_country_parish_284,284,res_country_municipality_231,Papelon
res_country_parish_285,285,res_country_municipality_232,Caño Delgadito
res_country_parish_286,286,res_country_municipality_232,Boconoito
res_country_parish_287,287,res_country_municipality_233,Antolin Tovar
res_country_parish_288,288,res_country_municipality_233,San Rafael de Onoto
res_country_parish_289,289,res_country_municipality_233,Sanat Fe
res_country_parish_290,290,res_country_municipality_233,Thermo Morales
res_country_parish_291,291,res_country_municipality_233,El Playon
res_country_parish_292,292,res_country_municipality_233,Florida
res_country_parish_293,293,res_country_municipality_234,Biscocuy
res_country_parish_294,294,res_country_municipality_234,Concepcion
res_country_parish_295,295,res_country_municipality_234,San Rafael de Palo Alzao
res_country_parish_296,296,res_country_municipality_234,Uvencio Antonio Velasquez
res_country_parish_297,297,res_country_municipality_235,San Jose de Saguaz
res_country_parish_298,298,res_country_municipality_235,Villa Rosa
res_country_parish_299,299,res_country_municipality_236,Villa Bruzual
res_country_parish_300,300,res_country_municipality_236,Canelones
res_country_parish_301,301,res_country_municipality_237,Santa Cruz
res_country_parish_302,302,res_country_municipality_237,San Isidro Labrador
res_country_parish_303,303,res_country_municipality_237,Mariño
res_country_parish_304,304,res_country_municipality_237,Romulo Gallegos
res_country_parish_305,305,res_country_municipality_19,San Jose de Aerocuar
res_country_parish_306,306,res_country_municipality_20,Tavera Acosta
res_country_parish_307,307,res_country_municipality_20,Rio Caribe
res_country_parish_308,308,res_country_municipality_21,Antonio Jose de Sucre
res_country_parish_309,309,res_country_municipality_21,El Morro de Puerto Santo
res_country_parish_310,310,res_country_municipality_21,Puerto Santo
res_country_parish_311,311,res_country_municipality_22,Chorreron
res_country_parish_312,312,res_country_municipality_22,Soledad
res_country_parish_313,313,res_country_municipality_23,Mamo
res_country_parish_314,314,res_country_municipality_23,San Mateo
res_country_parish_315,315,res_country_municipality_23,El Carito
res_country_parish_316,316,res_country_municipality_23,Santa Ines
res_country_parish_317,317,res_country_municipality_24,Lecherias
res_country_parish_318,318,res_country_municipality_24,El Morro
res_country_parish_319,319,res_country_municipality_24,Pariaguán
res_country_parish_320,320,res_country_municipality_24,Atapire
res_country_parish_321,321,res_country_municipality_24,El Pao
res_country_parish_322,322,res_country_municipality_24,Macura
res_country_parish_323,323,res_country_municipality_25,Mapire
res_country_parish_324,324,res_country_municipality_25,Piar
res_country_parish_325,325,res_country_municipality_25,San Diego de Cabrutica
res_country_parish_326,326,res_country_municipality_26,Santa Clara
res_country_parish_327,327,res_country_municipality_26,Uverito
res_country_parish_328,328,res_country_municipality_27,Zuata
res_country_parish_329,329,res_country_municipality_27,Puerto Piritu
res_country_parish_330,330,res_country_municipality_28,San Miguel
res_country_parish_331,331,res_country_municipality_28,Sucre
res_country_parish_332,332,res_country_municipality_29,Piritu
res_country_parish_333,333,res_country_municipality_29,San Francisco
res_country_parish_334,334,res_country_municipality_30,Santa Ana
res_country_parish_335,335,res_country_municipality_30,Pueblo Nuevo
res_country_parish_336,336,res_country_municipality_30,Edmundo Barrios
res_country_parish_337,337,res_country_municipality_30,Miguel Otero Silva
res_country_parish_338,338,res_country_municipality_30,Puerto La Cruz
res_country_parish_339,339,res_country_municipality_31,Pozuelos
res_country_parish_340,340,res_country_municipality_32,Apurito
res_country_parish_341,341,res_country_municipality_32,El Yagual
res_country_parish_342,342,res_country_municipality_32,Guachara
res_country_parish_343,343,res_country_municipality_32,Mucuritas
res_country_parish_344,344,res_country_municipality_32,Quiseras del Medio
res_country_parish_345,345,res_country_municipality_33,Biruaca
res_country_parish_346,346,res_country_municipality_33,Bruzual
res_country_parish_347,347,res_country_municipality_33,Mantecal
res_country_parish_348,348,res_country_municipality_33,Quintero
res_country_parish_349,349,res_country_municipality_33,Rincon Hondo
res_country_parish_350,350,res_country_municipality_34,San Vicente
res_country_parish_351,351,res_country_municipality_34,Guasdualito
res_country_parish_352,352,res_country_municipality_34,Aramendi
res_country_parish_353,353,res_country_municipality_35,El Amparo
res_country_parish_354,354,res_country_municipality_35,San Camilo
res_country_parish_355,355,res_country_municipality_36,Urdaneta
res_country_parish_356,356,res_country_municipality_333,San Juan de Payara
res_country_parish_357,357,res_country_municipality_36,Codazzi
res_country_parish_358,358,res_country_municipality_36,Cunaviche
res_country_parish_359,359,res_country_municipality_36,Elorza
res_country_parish_360,360,res_country_municipality_37,La Trinidad
res_country_parish_361,361,res_country_municipality_38,San Fernando
res_country_parish_362,362,res_country_municipality_38,El Recreo
res_country_parish_363,363,res_country_municipality_39,Peñalver
res_country_parish_364,364,res_country_municipality_39,San Rafael de Atamaica
res_country_parish_365,365,res_country_municipality_39,San Mateo
res_country_parish_366,366,res_country_municipality_39,Camatagua
res_country_parish_367,367,res_country_municipality_39,Carmen de Cura
res_country_parish_368,368,res_country_municipality_39,Las Delicias
res_country_parish_369,369,res_country_municipality_39,Madre Maria de San Jose
res_country_parish_370,370,res_country_municipality_39,Joaquin Crespo
res_country_parish_371,371,res_country_municipality_40,Pedro Jose Ovalles
res_country_parish_372,372,res_country_municipality_41,Jose Casanova Godoy
res_country_parish_373,373,res_country_municipality_41,Andres Eloy Blanco
res_country_parish_374,374,res_country_municipality_41,Los Tacariguas
res_country_parish_375,375,res_country_municipality_41,Choroní
res_country_parish_376,376,res_country_municipality_41,Santa Cruz
res_country_parish_377,377,res_country_municipality_42,La Victoria
res_country_parish_378,378,res_country_municipality_43,Pao de Zarate
res_country_parish_379,379,res_country_municipality_43,Zuata
res_country_parish_380,380,res_country_municipality_44,Castor Nievas Rios
res_country_parish_381,381,res_country_municipality_44,La Guacamaya
res_country_parish_382,382,res_country_municipality_45,El Consejo
res_country_parish_383,383,res_country_municipality_45,Palo negro
res_country_parish_384,384,res_country_municipality_45,San Martin de Porres
res_country_parish_385,385,res_country_municipality_45,El Limon
res_country_parish_386,386,res_country_municipality_46,Caña de Azucar
res_country_parish_387,387,res_country_municipality_47,San Casimiro
res_country_parish_388,388,res_country_municipality_47,Guiripa
res_country_parish_389,389,res_country_municipality_47,Ollas de Caramacate
res_country_parish_390,390,res_country_municipality_47,Valle Morin
res_country_parish_391,391,res_country_municipality_47,San Sebastian
res_country_parish_392,392,res_country_municipality_48,Turmero
res_country_parish_393,393,res_country_municipality_48,Chuao
res_country_parish_394,394,res_country_municipality_49,Saman de Guere
res_country_parish_395,395,res_country_municipality_49,Alfredo Pacheco Miranda
res_country_parish_396,396,res_country_municipality_50,Arevalo Aponte
res_country_parish_397,397,res_country_municipality_51,Las Tejerias
res_country_parish_398,398,res_country_municipality_51,Tiara
res_country_parish_399,399,res_country_municipality_51,Cagua
res_country_parish_400,400,res_country_municipality_51,Bella Vista
res_country_parish_401,401,res_country_municipality_52,Colonia Tovar
res_country_parish_402,402,res_country_municipality_52,Barbacoas
res_country_parish_403,403,res_country_municipality_52,Las Peaitas
res_country_parish_404,404,res_country_municipality_52,San Francisco de Cara
res_country_parish_405,405,res_country_municipality_52,Taguay
res_country_parish_406,406,res_country_municipality_53,Villa de Cura
res_country_parish_407,407,res_country_municipality_54,Magdaleno
res_country_parish_408,408,res_country_municipality_54,San Francisco de Asis
res_country_parish_409,409,res_country_municipality_54,Valles de Tucutunemo
res_country_parish_410,410,res_country_municipality_55,Augusto Mijares
res_country_parish_411,411,res_country_municipality_55,Ocumare de la Costa
res_country_parish_412,412,res_country_municipality_56,Santa Rita
res_country_parish_413,413,res_country_municipality_56,Francisco de Miranda
res_country_parish_414,414,res_country_municipality_56,Monseñor Feliciano Gonzales
res_country_parish_415,415,res_country_municipality_57,Sabaneta
res_country_parish_416,416,res_country_municipality_57,Rodriguez Dominguez
res_country_parish_417,417,res_country_municipality_57,Ticoporo
res_country_parish_418,418,res_country_municipality_57,Andres Bello
res_country_parish_419,419,res_country_municipality_58,Nicolás Pulido
res_country_parish_420,420,res_country_municipality_58,Arismendi
res_country_parish_421,421,res_country_municipality_58,Guadarrama
res_country_parish_422,422,res_country_municipality_58,La Union
res_country_parish_423,423,res_country_municipality_58,San Antonio
res_country_parish_424,424,res_country_municipality_58,Barinas
res_country_parish_425,425,res_country_municipality_58,Alfredo Arvelo Larriva
res_country_parish_426,426,res_country_municipality_58,San Silvestre
res_country_parish_427,427,res_country_municipality_58,Santa Ines
res_country_parish_428,428,res_country_municipality_58,Santa Lucia
res_country_parish_429,429,res_country_municipality_58,Torunos
res_country_parish_430,430,res_country_municipality_58,El Carmen
res_country_parish_431,431,res_country_municipality_58,Rómulo Betancourt
res_country_parish_432,432,res_country_municipality_58,Corazón de Jesús
res_country_parish_433,433,res_country_municipality_59,Ramon Ignacio Mendoza
res_country_parish_434,434,res_country_municipality_59,Alto Barinas
res_country_parish_435,435,res_country_municipality_59,Manuel Palacio Fajardo
res_country_parish_436,436,res_country_municipality_60,Juan Antonio Rodríguez Domínguez
res_country_parish_437,437,res_country_municipality_60,Dominga Ortiz de Páez
res_country_parish_438,438,res_country_municipality_60,Barinitas
res_country_parish_439,439,res_country_municipality_61,Altamira
res_country_parish_440,440,res_country_municipality_61,Calderas
res_country_parish_441,441,res_country_municipality_61,Barrancas
res_country_parish_442,442,res_country_municipality_61,El Socorro
res_country_parish_443,443,res_country_municipality_61,Masparrito
res_country_parish_444,444,res_country_municipality_61,Santa Bárbara
res_country_parish_445,445,res_country_municipality_61,Andrés Eloy Blanco
res_country_parish_446,446,res_country_municipality_61,El Cantón
res_country_parish_447,447,res_country_municipality_62,Santa Cruz de Guacas
res_country_parish_448,448,res_country_municipality_62,Puerto Vivas
res_country_parish_449,449,res_country_municipality_62,José Ignacio del Pumar
res_country_parish_450,450,res_country_municipality_62,Pedro Briceño Méndez
res_country_parish_451,451,res_country_municipality_63,Ramon Ignacio Méndez
res_country_parish_452,452,res_country_municipality_63,Obispos
res_country_parish_453,453,res_country_municipality_63,El Real
res_country_parish_454,454,res_country_municipality_63,La Luz
res_country_parish_455,455,res_country_municipality_64,Los Guasimitos
res_country_parish_456,456,res_country_municipality_64,Ciudad Bolivia
res_country_parish_457,457,res_country_municipality_64,Ignacio Briceño
res_country_parish_458,458,res_country_municipality_64,Jose Felix Ribas
res_country_parish_459,459,res_country_municipality_65,Paez
res_country_parish_460,460,res_country_municipality_65,Libertad
res_country_parish_461,461,res_country_municipality_65,Dolores
res_country_parish_462,462,res_country_municipality_65,Palacios Fajardo
res_country_parish_463,463,res_country_municipality_66,Santa Rosa
res_country_parish_464,464,res_country_municipality_66,Ciudad de Nutrias
res_country_parish_465,465,res_country_municipality_66,El Regalo
res_country_parish_466,466,res_country_municipality_66,Puerto de Nutrias
res_country_parish_467,467,res_country_municipality_66,Santa Catalina
res_country_parish_468,468,res_country_municipality_66,Cachamay
res_country_parish_469,469,res_country_municipality_66,Chirica
res_country_parish_470,470,res_country_municipality_66,Dalla Costa
res_country_parish_471,471,res_country_municipality_66,Once de Abril
res_country_parish_472,472,res_country_municipality_66,Simon Bolivar
res_country_parish_473,473,res_country_municipality_67,Unare
res_country_parish_474,474,res_country_municipality_67,Universidad
res_country_parish_475,475,res_country_municipality_67,Vista al Sol
res_country_parish_476,476,res_country_municipality_237,Pozo Verde
res_country_parish_477,477,res_country_municipality_238,Yocoima
res_country_parish_478,478,res_country_municipality_238,Altagracia
res_country_parish_479,479,res_country_municipality_238,Ascencion Ferreras
res_country_parish_480,480,res_country_municipality_238,La Urbana
res_country_parish_481,481,res_country_municipality_238,San Juan de las Galdonas
res_country_parish_482,482,res_country_municipality_238,El Pilar
res_country_parish_483,483,res_country_municipality_239,El Rincon
res_country_parish_484,484,res_country_municipality_239,Gral. Francisco Antonio Vasquez
res_country_parish_485,485,res_country_municipality_239,Guaraunos
res_country_parish_486,486,res_country_municipality_239,Tunapuicito
res_country_parish_487,487,res_country_municipality_239,Union
res_country_parish_488,488,res_country_municipality_240,Bolivar
res_country_parish_489,489,res_country_municipality_241,Macarapana
res_country_parish_490,490,res_country_municipality_214,Santa Catalina
res_country_parish_491,491,res_country_municipality_241,Santa Rosa
res_country_parish_492,492,res_country_municipality_241,Santa Teresa
res_country_parish_493,493,res_country_municipality_242,Mariguitar
res_country_parish_494,494,res_country_municipality_242,El Yaguaraparo
res_country_parish_495,495,res_country_municipality_242,El Paujil
res_country_parish_496,496,res_country_municipality_243,Libertad
res_country_parish_497,497,res_country_municipality_243,Araya
res_country_parish_498,498,res_country_municipality_244,Chacopata
res_country_parish_499,499,res_country_municipality_244,Manicuare
res_country_parish_500,500,res_country_municipality_244,Tunapuy
res_country_parish_501,501,res_country_municipality_244,Campo Elias
res_country_parish_502,502,res_country_municipality_244,Irapa
res_country_parish_503,503,res_country_municipality_245,Campo Claro
res_country_parish_504,504,res_country_municipality_246,Maraval
res_country_parish_505,505,res_country_municipality_246,San Antonio de Irapa
res_country_parish_506,506,res_country_municipality_246,Soro
res_country_parish_507,507,res_country_municipality_246,San Ant del Golfo
res_country_parish_508,508,res_country_municipality_246,Cumanacoa
res_country_parish_509,509,res_country_municipality_246,Arenas
res_country_parish_510,510,res_country_municipality_247,Aricagua
res_country_parish_511,511,res_country_municipality_247,Cocollar
res_country_parish_512,512,res_country_municipality_247,San Fernando
res_country_parish_513,513,res_country_municipality_247,San Lorenzo
res_country_parish_514,514,res_country_municipality_248,Cariaco
res_country_parish_515,515,res_country_municipality_248,Catuaro
res_country_parish_516,516,res_country_municipality_247,Rendon
res_country_parish_517,517,res_country_municipality_248,Santa Cruz
res_country_parish_518,518,res_country_municipality_248,Santa Maria
res_country_parish_519,519,res_country_municipality_248,Altagracia
res_country_parish_520,520,res_country_municipality_248,Ayacucho
res_country_parish_521,521,res_country_municipality_249,Santa Ines
res_country_parish_522,522,res_country_municipality_249,Valentin Valiente
res_country_parish_523,523,res_country_municipality_249,San Juan
res_country_parish_524,524,res_country_municipality_248,Raul Leoni
res_country_parish_525,525,res_country_municipality_249,Gran Mariscal
res_country_parish_526,526,res_country_municipality_250,Guiria
res_country_parish_527,527,res_country_municipality_251,Bideau
res_country_parish_528,528,res_country_municipality_252,Cristobal Colon
res_country_parish_529,529,res_country_municipality_252,Punta de Piedra
res_country_parish_530,530,res_country_municipality_252,Cordero
res_country_parish_531,531,res_country_municipality_253,Las Mesas
res_country_parish_532,532,res_country_municipality_253,Colon
res_country_parish_533,533,res_country_municipality_253,Rivas Berti
res_country_parish_534,534,res_country_municipality_253,San Pedro del Rio
res_country_parish_535,535,res_country_municipality_254,San Antonio del Tachira
res_country_parish_536,536,res_country_municipality_254,Palotal
res_country_parish_537,537,res_country_municipality_254,General Juan Vicente Gomez
res_country_parish_538,538,res_country_municipality_255,Isaias Medina Angarita
res_country_parish_539,539,res_country_municipality_256,Tariba
res_country_parish_540,540,res_country_municipality_256,Amenodoro Rangel Lamus
res_country_parish_541,541,res_country_municipality_257,La Florida
res_country_parish_542,542,res_country_municipality_258,Santa Ana del Tachira
res_country_parish_543,543,res_country_municipality_258,Cm.San Rafael del Pinal
res_country_parish_544,544,res_country_municipality_258,Alberto Adriani
res_country_parish_545,545,res_country_municipality_259,Santo Domingo
res_country_parish_546,546,res_country_municipality_260,San Josede Bolivar
res_country_parish_547,547,res_country_municipality_260,La Fria
res_country_parish_548,548,res_country_municipality_260,Boca de Grita
res_country_parish_549,549,res_country_municipality_261,Jose Antonio Paez
res_country_parish_550,550,res_country_municipality_261,Palmira
res_country_parish_551,551,res_country_municipality_261,Capacho Nuevo
res_country_parish_552,552,res_country_municipality_262,Juan German Roscio
res_country_parish_553,553,res_country_municipality_263,Romon Cardenas
res_country_parish_554,554,res_country_municipality_263,La Grita
res_country_parish_555,555,res_country_municipality_263,Emilio Constantino Guerrero
res_country_parish_556,556,res_country_municipality_263,Monseñor Miguel Antonio Salas
res_country_parish_557,557,res_country_municipality_264,El Cobre
res_country_parish_558,558,res_country_municipality_264,Junin
res_country_parish_559,559,res_country_municipality_264,La Petrolea
res_country_parish_560,560,res_country_municipality_265,Quinimari
res_country_parish_561,561,res_country_municipality_265,Bramon
res_country_parish_562,562,res_country_municipality_265,Capacho Viejo
res_country_parish_563,563,res_country_municipality_265,Cipriano Castro
res_country_parish_564,564,res_country_municipality_266,Manuel Felipe Rugeles
res_country_parish_565,565,res_country_municipality_266,Abejales
res_country_parish_566,566,res_country_municipality_267,Emeterio Ochoa
res_country_parish_567,567,res_country_municipality_268,Doradas
res_country_parish_568,568,res_country_municipality_268,San Joaquin de Navay
res_country_parish_569,569,res_country_municipality_268,Lobatera
res_country_parish_570,570,res_country_municipality_269,Constitucion
res_country_parish_571,571,res_country_municipality_269,Michelena
res_country_parish_572,572,res_country_municipality_270,Panamericano
res_country_parish_573,573,res_country_municipality_271,La Palmita
res_country_parish_574,574,res_country_municipality_271,San Judas Tadeo
res_country_parish_575,575,res_country_municipality_271,Urea
res_country_parish_576,576,res_country_municipality_272,Nueva Arcadia
res_country_parish_577,577,res_country_municipality_272,Delicias
res_country_parish_578,578,res_country_municipality_272,La Tendida
res_country_parish_579,579,res_country_municipality_272,Bocono
res_country_parish_580,580,res_country_municipality_272,Hernandez
res_country_parish_581,581,res_country_municipality_273,La Concordia
res_country_parish_582,582,res_country_municipality_274,Pedro Maria Morantes
res_country_parish_583,583,res_country_municipality_275,San Juan Bautista
res_country_parish_584,584,res_country_municipality_333,San Sebastian
res_country_parish_585,585,res_country_municipality_275,Dr. Francisco Romero Lobos
res_country_parish_586,586,res_country_municipality_275,Umuquena
res_country_parish_587,587,res_country_municipality_276,San Simon
res_country_parish_588,588,res_country_municipality_277,Queniquea
res_country_parish_589,589,res_country_municipality_277,Eleazar Lopez Contreras
res_country_parish_590,590,res_country_municipality_277,San Pablo
res_country_parish_591,591,res_country_municipality_277,San Josecito
res_country_parish_592,592,res_country_municipality_277,Pregonero
res_country_parish_593,593,res_country_municipality_278,Cardenas
res_country_parish_594,594,res_country_municipality_278,Juan Pablo Peñaloza
res_country_parish_595,595,res_country_municipality_278,Potosi
res_country_parish_596,596,res_country_municipality_137,San Judas Tadeo
res_country_parish_597,597,res_country_municipality_278,Bocono
res_country_parish_598,598,res_country_municipality_278,El Carmen
res_country_parish_599,599,res_country_municipality_278,Mosquey
res_country_parish_600,600,res_country_municipality_278,Ayacucho
res_country_parish_601,601,res_country_municipality_278,Burbusay
res_country_parish_602,602,res_country_municipality_278,General Rivas
res_country_parish_603,603,res_country_municipality_278,Guaramacal
res_country_parish_604,604,res_country_municipality_279,Monseñor Jauregui
res_country_parish_605,605,res_country_municipality_279,Rafael Rangel
res_country_parish_606,606,res_country_municipality_279,San Jose
res_country_parish_607,607,res_country_municipality_279,San Miguel
res_country_parish_608,608,res_country_municipality_279,Le Vega de Guaramacal
res_country_parish_609,609,res_country_municipality_279,Chejende
res_country_parish_610,610,res_country_municipality_279,Bolivia
res_country_parish_611,611,res_country_municipality_280,Carrillo
res_country_parish_612,612,res_country_municipality_280,Cegarra
res_country_parish_613,613,res_country_municipality_280,Arnoldo Gabaldon
res_country_parish_614,614,res_country_municipality_280,Manuel Salvador Ulloa
res_country_parish_615,615,res_country_municipality_280,San Jose
res_country_parish_616,616,res_country_municipality_281,Carache
res_country_parish_617,617,res_country_municipality_281,Cuicas
res_country_parish_618,618,res_country_municipality_281,La Concepcion
res_country_parish_619,619,res_country_municipality_281,Panamericana
res_country_parish_620,620,res_country_municipality_282,Santa Cruz
res_country_parish_621,621,res_country_municipality_282,Escuque
res_country_parish_622,622,res_country_municipality_282,La Union
res_country_parish_623,623,res_country_municipality_282,Sabana Libre
res_country_parish_624,624,res_country_municipality_282,Santa Rita
res_country_parish_625,625,res_country_municipality_283,El Dividive
res_country_parish_626,626,res_country_municipality_283,Agua Santa
res_country_parish_627,627,res_country_municipality_283,Aguas Calientes
res_country_parish_628,628,res_country_municipality_284,El Cenizo
res_country_parish_629,629,res_country_municipality_284,Valerita
res_country_parish_630,630,res_country_municipality_284,Monte Carmelo
res_country_parish_631,631,res_country_municipality_285,Buena Vista
res_country_parish_632,632,res_country_municipality_285,Santa Maria del Horcon
res_country_parish_633,633,res_country_municipality_285,Motatan
res_country_parish_634,634,res_country_municipality_285,El Baño
res_country_parish_635,635,res_country_municipality_286,Jalisco
res_country_parish_636,636,res_country_municipality_286,Pampán
res_country_parish_637,637,res_country_municipality_286,Flor de Patria
res_country_parish_638,638,res_country_municipality_286,La Paz
res_country_parish_639,639,res_country_municipality_287,Santa Ana
res_country_parish_640,640,res_country_municipality_287,Betijoque
res_country_parish_641,641,res_country_municipality_287,Jose Gregorio Hernandez
res_country_parish_642,642,res_country_municipality_287,La Pueblita
res_country_parish_643,643,res_country_municipality_288,Los Cedros
res_country_parish_644,644,res_country_municipality_288,Carvajal
res_country_parish_645,645,res_country_municipality_288,Antonio Nicolas Briceño
res_country_parish_646,646,res_country_municipality_288,Campo Alegre
res_country_parish_647,647,res_country_municipality_289,Joseleonardo Saurez
res_country_parish_648,648,res_country_municipality_289,Sabana de Mendoza
res_country_parish_649,649,res_country_municipality_289,Junin
res_country_parish_650,650,res_country_municipality_289,El Paraiso
res_country_parish_651,651,res_country_municipality_1,Valmore Rodriguez
res_country_parish_652,652,res_country_municipality_1,Cristobal Mendoza
res_country_parish_653,653,res_country_municipality_1,Cruz Carrillo
res_country_parish_654,654,res_country_municipality_1,Chiquinquira
res_country_parish_655,655,res_country_municipality_1,Matriz
res_country_parish_656,656,res_country_municipality_1,Altagracia
res_country_parish_657,657,res_country_municipality_1,Antimano
res_country_parish_658,658,res_country_municipality_1,Candelaria
res_country_parish_659,659,res_country_municipality_1,Caricuao
res_country_parish_660,660,res_country_municipality_1,Catedral
res_country_parish_661,661,res_country_municipality_1,Coché
res_country_parish_662,662,res_country_municipality_1,El Junquito
res_country_parish_663,663,res_country_municipality_1,El Paraiso
res_country_parish_664,664,res_country_municipality_1,El Recreo
res_country_parish_665,665,res_country_municipality_1,El Valle
res_country_parish_666,666,res_country_municipality_1,La Pastora
res_country_parish_667,667,res_country_municipality_1,La Vega
res_country_parish_668,668,res_country_municipality_1,Macarao
res_country_parish_669,669,res_country_municipality_1,San Agustin
res_country_parish_670,670,res_country_municipality_1,San Bernardino
res_country_parish_671,671,res_country_municipality_1,San Jose
res_country_parish_672,672,res_country_municipality_1,San Juan
res_country_parish_673,673,res_country_municipality_2,San Pedro
res_country_parish_674,674,res_country_municipality_2,Santa Rosalia
res_country_parish_675,675,res_country_municipality_2,Santa Teresa
res_country_parish_676,676,res_country_municipality_333,Sucre
res_country_parish_677,677,res_country_municipality_2,Veintitres de Enero
res_country_parish_678,678,res_country_municipality_2,La Esmeralda
res_country_parish_679,679,res_country_municipality_333,Huachamacare
res_country_parish_680,680,res_country_municipality_3,Marawuaka
res_country_parish_681,681,res_country_municipality_3,Mavaca
res_country_parish_682,682,res_country_municipality_3,Sierra Parima
res_country_parish_683,683,res_country_municipality_3,San Fernando de Atabapo
res_country_parish_684,684,res_country_municipality_4,Utaca
res_country_parish_685,685,res_country_municipality_4,Yacapana
res_country_parish_686,686,res_country_municipality_4,Caname
res_country_parish_687,687,res_country_municipality_4,Fernando Girion Tovar
res_country_parish_688,688,res_country_municipality_5,Luis Alberto Gomez
res_country_parish_689,689,res_country_municipality_5,Parhueaa
res_country_parish_690,690,res_country_municipality_5,Platanillal
res_country_parish_691,691,res_country_municipality_5,Isla de Raton
res_country_parish_692,692,res_country_municipality_5,Samariapo
res_country_parish_693,693,res_country_municipality_6,Sipapo
res_country_parish_694,694,res_country_municipality_6,Manduapo
res_country_parish_695,695,res_country_municipality_7,Guayapo
res_country_parish_696,696,res_country_municipality_7,Victorino
res_country_parish_697,697,res_country_municipality_7,Comunidad
res_country_parish_698,698,res_country_municipality_7,San Juan de Manapiare
res_country_parish_699,699,res_country_municipality_8,Alto ventuari
res_country_parish_700,700,res_country_municipality_8,Medio ventuari
res_country_parish_701,701,res_country_municipality_8,Bajo ventuari
res_country_parish_702,702,res_country_municipality_8,San Carlos de Rio negro
res_country_parish_703,703,res_country_municipality_9,Solano
res_country_parish_704,704,res_country_municipality_9,Casiquiare
res_country_parish_705,705,res_country_municipality_10,Cocuy
res_country_parish_706,706,res_country_municipality_10,Anaco
res_country_parish_707,707,res_country_municipality_11,San Joaquin
res_country_parish_708,708,res_country_municipality_11,Aragua de Barcelona
res_country_parish_709,709,res_country_municipality_12,Cachipo
res_country_parish_710,710,res_country_municipality_12,Boca de Uchire
res_country_parish_711,711,res_country_municipality_12,Boca de Chavez
res_country_parish_712,712,res_country_municipality_12,El Carmen
res_country_parish_713,713,res_country_municipality_12,San Cristobal
res_country_parish_714,714,res_country_municipality_13,Bergantin
res_country_parish_715,715,res_country_municipality_12,Caigua
res_country_parish_716,716,res_country_municipality_13,El Pilar
res_country_parish_717,717,res_country_municipality_13,Naricual
res_country_parish_718,718,res_country_municipality_14,Clarines
res_country_parish_719,719,res_country_municipality_14,Guanape
res_country_parish_720,720,res_country_municipality_15,Sabana de Uchire
res_country_parish_721,721,res_country_municipality_15,Onoto
res_country_parish_722,722,res_country_municipality_16,San Pablo
res_country_parish_723,723,res_country_municipality_16,Valle de Guanape
res_country_parish_724,724,res_country_municipality_16,Santa Barbara
res_country_parish_725,725,res_country_municipality_16,Cantaura
res_country_parish_726,726,res_country_municipality_17,Libertador
res_country_parish_727,727,res_country_municipality_17,Santa Rosa
res_country_parish_728,728,res_country_municipality_18,Urica
res_country_parish_729,729,res_country_municipality_19,El Chaparro
res_country_parish_730,730,res_country_municipality_67,Tomas Alfaro Calatrava
res_country_parish_731,731,res_country_municipality_67,San Jose de Guanipa
res_country_parish_732,732,res_country_municipality_67,Guanta
res_country_parish_733,733,res_country_municipality_68,Caicara del Orinoco
res_country_parish_734,734,res_country_municipality_69,Guaniamo
res_country_parish_735,735,res_country_municipality_69,Pijiguaos
res_country_parish_736,736,res_country_municipality_70,El Callao
res_country_parish_737,737,res_country_municipality_70,Santa Elena de Uairen
res_country_parish_738,738,res_country_municipality_70,Ikabarú
res_country_parish_739,739,res_country_municipality_70,Agua Salada
res_country_parish_740,740,res_country_municipality_70,Catedral
res_country_parish_741,741,res_country_municipality_70,Jose Antonio Paez
res_country_parish_742,742,res_country_municipality_70,La Sabanita
res_country_parish_743,743,res_country_municipality_70,Marhuanta
res_country_parish_744,744,res_country_municipality_70,Vista Hermosa
res_country_parish_745,745,res_country_municipality_71,Orinoco
res_country_parish_746,746,res_country_municipality_71,Panapana
res_country_parish_747,747,res_country_municipality_71,Zea
res_country_parish_748,748,res_country_municipality_72,Upata
res_country_parish_749,749,res_country_municipality_72,Andres Eloy Blanco
res_country_parish_750,750,res_country_municipality_72,Pedro Cova
res_country_parish_751,751,res_country_municipality_72,Ciudad Piar
res_country_parish_752,752,res_country_municipality_73,Barceloneta
res_country_parish_753,753,res_country_municipality_74,San Francisco
res_country_parish_754,754,res_country_municipality_74,Santa Barbara
res_country_parish_755,755,res_country_municipality_74,Guasipati
res_country_parish_756,756,res_country_municipality_73,Salom
res_country_parish_757,757,res_country_municipality_75,Tumeremo
res_country_parish_758,758,res_country_municipality_75,Dalla Costa
res_country_parish_759,759,res_country_municipality_75,San Isidro
res_country_parish_760,760,res_country_municipality_75,Maripa
res_country_parish_761,761,res_country_municipality_75,Aripao
res_country_parish_762,762,res_country_municipality_76,Guarataro
res_country_parish_763,763,res_country_municipality_77,Las Majadas
res_country_parish_764,764,res_country_municipality_77,Moitaco
res_country_parish_765,765,res_country_municipality_77,El Palmar
res_country_parish_766,766,res_country_municipality_78,Bejuma
res_country_parish_767,767,res_country_municipality_78,Canoabo
res_country_parish_768,768,res_country_municipality_78,Simon Bolivar
res_country_parish_769,769,res_country_municipality_79,Guigue
res_country_parish_770,770,res_country_municipality_79,Belén
res_country_parish_771,771,res_country_municipality_80,Tacarigua
res_country_parish_772,772,res_country_municipality_80,Aguas Calientes
res_country_parish_773,773,res_country_municipality_80,Mariara
res_country_parish_774,774,res_country_municipality_81,Ciudad Alianza
res_country_parish_775,775,res_country_municipality_81,Guacara
res_country_parish_776,776,res_country_municipality_82,Yagua
res_country_parish_777,777,res_country_municipality_82,Morón
res_country_parish_778,778,res_country_municipality_82,Urama
res_country_parish_779,779,res_country_municipality_83,Tocuyito
res_country_parish_780,780,res_country_municipality_84,Independencia
res_country_parish_781,781,res_country_municipality_85,Los Guayos
res_country_parish_782,782,res_country_municipality_86,Miranda
res_country_parish_783,783,res_country_municipality_87,Montalban
res_country_parish_784,784,res_country_municipality_87,Naguanagua
res_country_parish_785,785,res_country_municipality_87,Bartolome Salom
res_country_parish_786,786,res_country_municipality_87,Democracia
res_country_parish_787,787,res_country_municipality_87,Fraternidad
res_country_parish_788,788,res_country_municipality_87,Goaigoaza
res_country_parish_789,789,res_country_municipality_87,Juan Jose Flores
res_country_parish_790,790,res_country_municipality_87,Unión
res_country_parish_791,791,res_country_municipality_88,Borburata
res_country_parish_792,792,res_country_municipality_89,Patanemo
res_country_parish_793,793,res_country_municipality_90,San Diego
res_country_parish_794,794,res_country_municipality_90,San Joaquin
res_country_parish_795,795,res_country_municipality_90,Candelaria
res_country_parish_796,796,res_country_municipality_90,Catedral
res_country_parish_797,797,res_country_municipality_90,El Socorro
res_country_parish_798,798,res_country_municipality_90,Miguel Peña
res_country_parish_799,799,res_country_municipality_90,Rafael Urdaneta
res_country_parish_800,800,res_country_municipality_90,San Blas
res_country_parish_801,801,res_country_municipality_90,San José
res_country_parish_802,802,res_country_municipality_91,Santa Rosa
res_country_parish_803,803,res_country_municipality_91,Negro Primero
res_country_parish_804,804,res_country_municipality_92,Cojedes
res_country_parish_805,805,res_country_municipality_93,San Juan de Mata Suarez
res_country_parish_806,806,res_country_municipality_93,Tinaquillo
res_country_parish_807,807,res_country_municipality_94,El Baul
res_country_parish_808,808,res_country_municipality_94,Sucre
res_country_parish_809,809,res_country_municipality_95,Macapo
res_country_parish_810,810,res_country_municipality_96,La Aguadita
res_country_parish_811,811,res_country_municipality_96,El Pao
res_country_parish_812,812,res_country_municipality_97,Libertad de Cojedes
res_country_parish_813,813,res_country_municipality_98,El Amparo
res_country_parish_814,814,res_country_municipality_98,Romulo Gallegos
res_country_parish_815,815,res_country_municipality_98,San Carlos de Austria
res_country_parish_816,816,res_country_municipality_99,Juan Angel Bravo
res_country_parish_817,817,res_country_municipality_100,Manuel Manrique
res_country_parish_818,818,res_country_municipality_100,General en Jefe Jose Laurencio Silva
res_country_parish_819,819,res_country_municipality_100,Curiapo
res_country_parish_820,820,res_country_municipality_100,Almirante Luis Brion
res_country_parish_821,821,res_country_municipality_100,Francisco Aniceto Lugo
res_country_parish_822,822,res_country_municipality_100,Manuel Renaud
res_country_parish_823,823,res_country_municipality_101,Padre Barral
res_country_parish_824,824,res_country_municipality_101,Santos de Abelgas
res_country_parish_825,825,res_country_municipality_101,Imataca
res_country_parish_826,826,res_country_municipality_101,Cinco de Julio
res_country_parish_827,827,res_country_municipality_101,Juan Bautista Arismendi
res_country_parish_828,828,res_country_municipality_102,Manuel Piar
res_country_parish_829,829,res_country_municipality_102,Romulo Gallegos
res_country_parish_830,830,res_country_municipality_103,Pedernales
res_country_parish_831,831,res_country_municipality_103,Luis Beltran Prieto Figueroa
res_country_parish_832,832,res_country_municipality_103,San Jose
res_country_parish_833,833,res_country_municipality_103,Jose Vidal Marcano
res_country_parish_834,834,res_country_municipality_103,Juan Millan
res_country_parish_835,835,res_country_municipality_103,Leonardo Ruiz Pineda
res_country_parish_836,836,res_country_municipality_103,Mariscal Antonio Jose de Sucre
res_country_parish_837,837,res_country_municipality_103,Monseñor Argimiro Garcia
res_country_parish_838,838,res_country_municipality_104,San Rafael
res_country_parish_839,839,res_country_municipality_104,Virgen del Valle
res_country_parish_840,840,res_country_municipality_104,San Juan de los Cayos
res_country_parish_841,841,res_country_municipality_104,Capadare
res_country_parish_842,842,res_country_municipality_331,La Pastora
res_country_parish_843,843,res_country_municipality_105,Libertador
res_country_parish_844,844,res_country_municipality_105,San Luis
res_country_parish_845,845,res_country_municipality_105,Aracua
res_country_parish_846,846,res_country_municipality_106,La Peña
res_country_parish_847,847,res_country_municipality_106,Capatarida
res_country_parish_848,848,res_country_municipality_106,Bariro
res_country_parish_849,849,res_country_municipality_106,Borojo
res_country_parish_850,850,res_country_municipality_106,Guajiro
res_country_parish_851,851,res_country_municipality_106,Seque
res_country_parish_852,852,res_country_municipality_107,Zazárida
res_country_parish_853,853,res_country_municipality_108,Yaracal
res_country_parish_854,854,res_country_municipality_108,Carirubana
res_country_parish_855,855,res_country_municipality_108,Norte
res_country_parish_856,856,res_country_municipality_108,Punta Cardón
res_country_parish_857,857,res_country_municipality_108,Santa Ana
res_country_parish_858,858,res_country_municipality_109,Tacuato
res_country_parish_859,859,res_country_municipality_109,La Vela de Coro
res_country_parish_860,860,res_country_municipality_109,Acurigua
res_country_parish_861,861,res_country_municipality_109,Guaibacoa
res_country_parish_862,862,res_country_municipality_109,Las Calderas
res_country_parish_863,863,res_country_municipality_110,Macoruca
res_country_parish_864,864,res_country_municipality_111,Dabajuro
res_country_parish_865,865,res_country_municipality_111,Pedregal
res_country_parish_866,866,res_country_municipality_111,Agua Clara
res_country_parish_867,867,res_country_municipality_111,Avaria
res_country_parish_868,868,res_country_municipality_111,Piedra Grande
res_country_parish_869,869,res_country_municipality_112,Purureche
res_country_parish_870,870,res_country_municipality_112,Pueblo Nuevo
res_country_parish_871,871,res_country_municipality_112,Adicora
res_country_parish_872,872,res_country_municipality_112,Baraived
res_country_parish_873,873,res_country_municipality_112,Buena Vista
res_country_parish_874,874,res_country_municipality_112,Jadacaquiva
res_country_parish_875,875,res_country_municipality_112,Moruy
res_country_parish_876,876,res_country_municipality_112,Adaure
res_country_parish_877,877,res_country_municipality_112,El Hato
res_country_parish_878,878,res_country_municipality_113,El Vinculo
res_country_parish_879,879,res_country_municipality_113,Churuguara
res_country_parish_880,880,res_country_municipality_113,Agua Linda
res_country_parish_881,881,res_country_municipality_113,El Pauji
res_country_parish_882,882,res_country_municipality_113,Independencia
res_country_parish_883,883,res_country_municipality_114,Maparari
res_country_parish_884,884,res_country_municipality_114,Jacura
res_country_parish_885,885,res_country_municipality_114,Agua Linda
res_country_parish_886,886,res_country_municipality_115,Araurima
res_country_parish_887,887,res_country_municipality_115,Los Taques
res_country_parish_888,888,res_country_municipality_116,Judibana
res_country_parish_889,889,res_country_municipality_116,Mene Mauroa
res_country_parish_890,890,res_country_municipality_116,Casigua
res_country_parish_891,891,res_country_municipality_117,San Felix
res_country_parish_892,892,res_country_municipality_117,San Antonio
res_country_parish_893,893,res_country_municipality_117,San Gabriel
res_country_parish_894,894,res_country_municipality_117,Santa Ana
res_country_parish_895,895,res_country_municipality_117,Guzman Guillermo
res_country_parish_896,896,res_country_municipality_117,Mitare
res_country_parish_897,897,res_country_municipality_117,Rio Seco
res_country_parish_898,898,res_country_municipality_118,Sabaneta
res_country_parish_899,899,res_country_municipality_118,Chichiriviche
res_country_parish_900,900,res_country_municipality_118,Boca de Tocuyo
res_country_parish_901,901,res_country_municipality_119,Tocuyo de la Costa
res_country_parish_902,902,res_country_municipality_120,Palma Sola
res_country_parish_903,903,res_country_municipality_120,Cabure
res_country_parish_904,904,res_country_municipality_120,Colina
res_country_parish_905,905,res_country_municipality_121,Curimagua
res_country_parish_906,906,res_country_municipality_122,Piritu
res_country_parish_907,907,res_country_municipality_123,San Jose de la Costa
res_country_parish_908,908,res_country_municipality_123,Mirimire
res_country_parish_909,909,res_country_municipality_124,Tucacas
res_country_parish_910,910,res_country_municipality_124,Boca de Aroa
res_country_parish_911,911,res_country_municipality_125,Sucre
res_country_parish_912,912,res_country_municipality_126,Pecaya
res_country_parish_913,913,res_country_municipality_126,Tocopero
res_country_parish_914,914,res_country_municipality_126,Santa Cruz de Bucaral
res_country_parish_915,915,res_country_municipality_127,El Charal
res_country_parish_916,916,res_country_municipality_127,Las Vegas del Tuy
res_country_parish_917,917,res_country_municipality_128,Urumaco
res_country_parish_918,918,res_country_municipality_128,Bruzual
res_country_parish_919,919,res_country_municipality_128,Puerto Cumarebo
res_country_parish_920,920,res_country_municipality_128,La Cienega
res_country_parish_921,921,res_country_municipality_128,La Soledad
res_country_parish_922,922,res_country_municipality_333,Pueblo Cumarebo
res_country_parish_923,923,res_country_municipality_129,Zazárida
res_country_parish_924,924,res_country_municipality_129,Camaguán
res_country_parish_925,925,res_country_municipality_129,Puerto Miranda
res_country_parish_926,926,res_country_municipality_130,Uverito
res_country_parish_927,927,res_country_municipality_131,Chaguaramas
res_country_parish_928,928,res_country_municipality_132,El Socorro
res_country_parish_929,929,res_country_municipality_132,Guayabal
res_country_parish_930,930,res_country_municipality_133,Cazorla
res_country_parish_931,931,res_country_municipality_133,Valle de la Pascua
res_country_parish_932,932,res_country_municipality_134,Espino
res_country_parish_933,933,res_country_municipality_134,Las Mercedes
res_country_parish_934,934,res_country_municipality_134,Cabruta
res_country_parish_935,935,res_country_municipality_135,Santa Rita de Manapire
res_country_parish_936,936,res_country_municipality_135,El Sombrero
res_country_parish_937,937,res_country_municipality_136,Sosa
res_country_parish_938,938,res_country_municipality_136,Calabozo
res_country_parish_939,939,res_country_municipality_136,El Calvario
res_country_parish_940,940,res_country_municipality_136,El Rastro
res_country_parish_941,941,res_country_municipality_137,Guardatinajas
res_country_parish_942,942,res_country_municipality_137,Altagracia de Orituco
res_country_parish_943,943,res_country_municipality_137,Lezama
res_country_parish_944,944,res_country_municipality_121,Libertad de Orituco
res_country_parish_945,945,res_country_municipality_137,Paso Real de Macaira
res_country_parish_946,946,res_country_municipality_137,San Francisco de Macaira
res_country_parish_947,947,res_country_municipality_137,San Rafael de Orituco
res_country_parish_948,948,res_country_municipality_138,Soublette
res_country_parish_949,949,res_country_municipality_138,Ortiz
res_country_parish_950,950,res_country_municipality_138,San Francisco de Tiznados
res_country_parish_951,951,res_country_municipality_138,San Jose de Tiznados
res_country_parish_952,952,res_country_municipality_139,San Lorenzo de Tiznados
res_country_parish_953,953,res_country_municipality_139,Tucupido
res_country_parish_954,954,res_country_municipality_140,San Rafael de Laya
res_country_parish_955,955,res_country_municipality_140,San Juan de los Morros
res_country_parish_956,956,res_country_municipality_140,Cantagallo
res_country_parish_957,957,res_country_municipality_141,Parapara
res_country_parish_958,958,res_country_municipality_142,San Jose de Guaribe
res_country_parish_959,959,res_country_municipality_142,Santa Maria de Ipire
res_country_parish_960,960,res_country_municipality_143,Altamira
res_country_parish_961,961,res_country_municipality_143,Zaraza
res_country_parish_962,962,res_country_municipality_144,San Jose de Unare
res_country_parish_963,963,res_country_municipality_144,Pio Tamayo
res_country_parish_964,964,res_country_municipality_144,Quebrada Honda de Guache
res_country_parish_965,965,res_country_municipality_145,Yacambu
res_country_parish_966,966,res_country_municipality_145,Freitez
res_country_parish_967,967,res_country_municipality_146,Jose Maria Blanco
res_country_parish_968,968,res_country_municipality_146,Catedral
res_country_parish_969,969,res_country_municipality_146,Concepcion
res_country_parish_970,970,res_country_municipality_146,El Cuji
res_country_parish_971,971,res_country_municipality_146,Juan de Villegas
res_country_parish_972,972,res_country_municipality_146,Santa Rosa
res_country_parish_973,973,res_country_municipality_146,Tamaca
res_country_parish_974,974,res_country_municipality_146,Union
res_country_parish_975,975,res_country_municipality_146,Aguedo Felipe Alvarado
res_country_parish_976,976,res_country_municipality_146,Buena Vista
res_country_parish_977,977,res_country_municipality_147,Juarez
res_country_parish_978,978,res_country_municipality_147,Juan Bautista Rodriguez
res_country_parish_979,979,res_country_municipality_147,Cuara
res_country_parish_980,980,res_country_municipality_147,Diego de Lozada
res_country_parish_981,981,res_country_municipality_147,Paraiso de San Jose
res_country_parish_982,982,res_country_municipality_147,San Miguel
res_country_parish_983,983,res_country_municipality_147,Tintorero
res_country_parish_984,984,res_country_municipality_147,Cabo Jose Bernardo Dorante
res_country_parish_985,985,res_country_municipality_148,Coronel Mariano Peraza
res_country_parish_986,986,res_country_municipality_148,Bolivar
res_country_parish_987,987,res_country_municipality_148,Anzoategui
res_country_parish_988,988,res_country_municipality_148,Guarico
res_country_parish_989,989,res_country_municipality_148,Hilario Luna y Luna
res_country_parish_990,990,res_country_municipality_148,Humocaro Alto
res_country_parish_991,991,res_country_municipality_148,Humocaro Bajo
res_country_parish_992,992,res_country_municipality_148,La Candelaria
res_country_parish_993,993,res_country_municipality_149,Moran
res_country_parish_994,994,res_country_municipality_149,Cabudare
res_country_parish_995,995,res_country_municipality_149,Jose Gregorio Bastidas
res_country_parish_996,996,res_country_municipality_150,Agua Viva
res_country_parish_997,997,res_country_municipality_296,Sarare
res_country_parish_998,998,res_country_municipality_150,Buria
res_country_parish_999,999,res_country_municipality_151,Gustavo Vegas Leon
res_country_parish_1000,1000,res_country_municipality_151,Trinidad Samuel
res_country_parish_1001,1001,res_country_municipality_151,Antonio Diaz
res_country_parish_1002,1002,res_country_municipality_151,Camacaro
res_country_parish_1003,1003,res_country_municipality_151,Castaneda
res_country_parish_1004,1004,res_country_municipality_151,Cecilio Zubillaga
res_country_parish_1005,1005,res_country_municipality_151,Chiquinquira
res_country_parish_1006,1006,res_country_municipality_151,El Blanco
res_country_parish_1007,1007,res_country_municipality_151,Espinoza de los Monteros
res_country_parish_1008,1008,res_country_municipality_151,Lara
res_country_parish_1009,1009,res_country_municipality_151,Las Mercedes
res_country_parish_1010,1010,res_country_municipality_151,Manuel Morillo
res_country_parish_1011,1011,res_country_municipality_151,Montaña Verde
res_country_parish_1012,1012,res_country_municipality_151,Montes de Oca
res_country_parish_1013,1013,res_country_municipality_151,Torres
res_country_parish_1014,1014,res_country_municipality_151,Heriberto Arroyo
res_country_parish_1015,1015,res_country_municipality_151,Reyes Vargas
res_country_parish_1016,1016,res_country_municipality_152,Altagracia
res_country_parish_1017,1017,res_country_municipality_152,Siquisique
res_country_parish_1018,1018,res_country_municipality_152,Moroturo
res_country_parish_1019,1019,res_country_municipality_152,San Miguel
res_country_parish_1020,1020,res_country_municipality_153,Xaguas
res_country_parish_1021,1021,res_country_municipality_153,Presidente Betancourt
res_country_parish_1022,1022,res_country_municipality_153,Presidente Paez
res_country_parish_1023,1023,res_country_municipality_153,Romulo Gallegos
res_country_parish_1024,1024,res_country_municipality_153,Gabriel Picón González
res_country_parish_1025,1025,res_country_municipality_153,Héctor Amable Mora
res_country_parish_1026,1026,res_country_municipality_153,José Nucete Sardi
res_country_parish_1027,1027,res_country_municipality_154,Pulido Mendez
res_country_parish_1028,1028,res_country_municipality_155,La Azulita
res_country_parish_1029,1029,res_country_municipality_155,Santa Cruz de Mora
res_country_parish_1030,1030,res_country_municipality_155,Mesa Bolívar
res_country_parish_1031,1031,res_country_municipality_156,Mesa de las Palmas
res_country_parish_1032,1032,res_country_municipality_156,Aricagua
res_country_parish_1033,1033,res_country_municipality_157,San Antonio
res_country_parish_1034,1034,res_country_municipality_157,Canagua
res_country_parish_1035,1035,res_country_municipality_157,Capurí
res_country_parish_1036,1036,res_country_municipality_157,Chacanta
res_country_parish_1037,1037,res_country_municipality_157,El Molino
res_country_parish_1038,1038,res_country_municipality_157,Guaimaral
res_country_parish_1039,1039,res_country_municipality_157,Mucutuy
res_country_parish_1040,1040,res_country_municipality_158,Mucuchachi
res_country_parish_1041,1041,res_country_municipality_158,Fernández Pela
res_country_parish_1042,1042,res_country_municipality_158,Matriz
res_country_parish_1043,1043,res_country_municipality_158,Montalbán
res_country_parish_1044,1044,res_country_municipality_158,Acequias
res_country_parish_1045,1045,res_country_municipality_158,Jaji
res_country_parish_1046,1046,res_country_municipality_158,La Mesa
res_country_parish_1047,1047,res_country_municipality_159,San José
res_country_parish_1048,1048,res_country_municipality_159,Tucani
res_country_parish_1049,1049,res_country_municipality_160,Florencio Ramírez
res_country_parish_1050,1050,res_country_municipality_160,Santo Domingo
res_country_parish_1051,1051,res_country_municipality_161,Las Piedras
res_country_parish_1052,1052,res_country_municipality_161,Guaraque
res_country_parish_1053,1053,res_country_municipality_161,Mesa de Quintero
res_country_parish_1054,1054,res_country_municipality_162,Rio negro
res_country_parish_1055,1055,res_country_municipality_162,Arapuey
res_country_parish_1056,1056,res_country_municipality_163,Palmira
res_country_parish_1057,1057,res_country_municipality_163,Torondoy
res_country_parish_1058,1058,res_country_municipality_164,San Cristóbal de Torondoy
res_country_parish_1059,1059,res_country_municipality_164,Antonio Spinetti Dini
res_country_parish_1060,1060,res_country_municipality_164,Arias
res_country_parish_1061,1061,res_country_municipality_164,Caracciolo Parra Pérez
res_country_parish_1062,1062,res_country_municipality_164,Domingo Peña
res_country_parish_1063,1063,res_country_municipality_164,El Llano
res_country_parish_1064,1064,res_country_municipality_164,Gonzalo Picon Febres
res_country_parish_1065,1065,res_country_municipality_164,Jacinto Plaza
res_country_parish_1066,1066,res_country_municipality_164,Juan Rodríguez Suárez
res_country_parish_1067,1067,res_country_municipality_164,Lasso de la Vega
res_country_parish_1068,1068,res_country_municipality_164,Mariano Picon Salas
res_country_parish_1069,1069,res_country_municipality_164,Milla
res_country_parish_1070,1070,res_country_municipality_164,Osuna Rodríguez
res_country_parish_1071,1071,res_country_municipality_164,Sagrario
res_country_parish_1072,1072,res_country_municipality_164,El Morro
res_country_parish_1073,1073,res_country_municipality_165,Los Nevados
res_country_parish_1074,1074,res_country_municipality_165,Miranda
res_country_parish_1075,1075,res_country_municipality_165,Andrés Eloy Blanco
res_country_parish_1076,1076,res_country_municipality_165,La Venta
res_country_parish_1077,1077,res_country_municipality_166,Piñango
res_country_parish_1078,1078,res_country_municipality_166,Santa Elena de Arenales
res_country_parish_1079,1079,res_country_municipality_166,Eloy Paredes
res_country_parish_1080,1080,res_country_municipality_167,San Rafael de Alcázar
res_country_parish_1081,1081,res_country_municipality_168,Santa María de Caparo
res_country_parish_1082,1082,res_country_municipality_169,Pueblo Llano
res_country_parish_1083,1083,res_country_municipality_169,Mucuchíes
res_country_parish_1084,1084,res_country_municipality_169,Cacute
res_country_parish_1085,1085,res_country_municipality_169,La Toma
res_country_parish_1086,1086,res_country_municipality_169,Mucuruba
res_country_parish_1087,1087,res_country_municipality_170,San Rafael
res_country_parish_1088,1088,res_country_municipality_170,Bailadores
res_country_parish_1089,1089,res_country_municipality_171,Geronimo Maldonado
res_country_parish_1090,1090,res_country_municipality_256,Tabay
res_country_parish_1091,1091,res_country_municipality_172,Lagunillas
res_country_parish_1092,1092,res_country_municipality_172,Chiguara
res_country_parish_1093,1093,res_country_municipality_172,Estánquez
res_country_parish_1094,1094,res_country_municipality_172,La Trampa
res_country_parish_1095,1095,res_country_municipality_172,Pueblo Nuevo del Sur
res_country_parish_1096,1096,res_country_municipality_172,San Juan
res_country_parish_1097,1097,res_country_municipality_173,El Amparo
res_country_parish_1098,1098,res_country_municipality_173,El Llano
res_country_parish_1099,1099,res_country_municipality_173,San Francisco
res_country_parish_1100,1100,res_country_municipality_173,Tovar
res_country_parish_1101,1101,res_country_municipality_174,Nueva Bolivia
res_country_parish_1102,1102,res_country_municipality_174,Independencia
res_country_parish_1103,1103,res_country_municipality_174,María de la Concepción Palacios Blanco
res_country_parish_1104,1104,res_country_municipality_174,Santa Polonia
res_country_parish_1105,1105,res_country_municipality_175,Zea
res_country_parish_1106,1106,res_country_municipality_175,Caño El Tigre
res_country_parish_1107,1107,res_country_municipality_176,Caucagua
res_country_parish_1108,1108,res_country_municipality_176,Araguita
res_country_parish_1109,1109,res_country_municipality_176,Arevalo González
res_country_parish_1110,1110,res_country_municipality_176,Capaya
res_country_parish_1111,1111,res_country_municipality_176,El Café
res_country_parish_1112,1112,res_country_municipality_176,Marizapa
res_country_parish_1113,1113,res_country_municipality_176,Panaquire
res_country_parish_1114,1114,res_country_municipality_176,Ribas
res_country_parish_1115,1115,res_country_municipality_177,San José de Barlovento
res_country_parish_1116,1116,res_country_municipality_177,El Cumbo
res_country_parish_1117,1117,res_country_municipality_178,Baruta
res_country_parish_1118,1118,res_country_municipality_178,El Cafetal
res_country_parish_1119,1119,res_country_municipality_178,Las Minas de Baruta
res_country_parish_1120,1120,res_country_municipality_179,Higuerote
res_country_parish_1121,1121,res_country_municipality_179,Curiepe
res_country_parish_1122,1122,res_country_municipality_179,Tacarigua
res_country_parish_1123,1123,res_country_municipality_180,Mamporal
res_country_parish_1124,1124,res_country_municipality_181,Carrizal
res_country_parish_1125,1125,res_country_municipality_182,Chacao
res_country_parish_1126,1126,res_country_municipality_183,Charallave
res_country_parish_1127,1127,res_country_municipality_183,Las Brisas
res_country_parish_1128,1128,res_country_municipality_184,El Hatillo
res_country_parish_1129,1129,res_country_municipality_185,Los Teques
res_country_parish_1130,1130,res_country_municipality_185,Altagracia de la Montaña
res_country_parish_1131,1131,res_country_municipality_185,Cecilio Acosta
res_country_parish_1132,1132,res_country_municipality_185,El Jarillo
res_country_parish_1133,1133,res_country_municipality_185,Paracotos
res_country_parish_1134,1134,res_country_municipality_185,San Pedro
res_country_parish_1135,1135,res_country_municipality_185,Tacata
res_country_parish_1136,1136,res_country_municipality_186,Santa Teresa del Tuy
res_country_parish_1137,1137,res_country_municipality_186,Cartanal
res_country_parish_1138,1138,res_country_municipality_23,Boca del Pao
res_country_parish_1139,1139,res_country_municipality_330,Bari
res_country_parish_1140,1140,res_country_municipality_299,Bolivar
res_country_parish_1141,1141,res_country_municipality_322,Bolivar
res_country_parish_1142,1142,res_country_municipality_199,Bolivar
res_country_parish_1143,1143,res_country_municipality_224,Cordoba
res_country_parish_1144,1144,res_country_municipality_44,Caña de Azucar
res_country_parish_1145,1145,res_country_municipality_229,Canó delgadito
res_country_parish_1146,1146,res_country_municipality_107,Cacique Manaure
res_country_parish_1147,1147,res_country_municipality_2,Capital Alto Orinoco
res_country_parish_1148,1148,res_country_municipality_3,Capital Atabapo
res_country_parish_1149,1149,res_country_municipality_5,Capital Autana
res_country_parish_1150,1150,res_country_municipality_7,Capital Manapiare
res_country_parish_1151,1151,res_country_municipality_8,Capital Rio Negro
res_country_parish_1152,1152,res_country_municipality_159,Caracciolo Parra Olmedo
res_country_parish_1153,1153,res_country_municipality_201,Cedeño
res_country_parish_1154,1154,res_country_municipality_223,Esteller
res_country_parish_1155,1155,res_country_municipality_202,Ezequiel Zamora
res_country_parish_1156,1156,res_country_municipality_256,Fernandez Feo
res_country_parish_1157,1157,res_country_municipality_158,Fernandez Peña
res_country_parish_1158,1158,res_country_municipality_30,Foraneo Apurito
res_country_parish_1159,1159,res_country_municipality_33,Foraneo Aramendi
res_country_parish_1160,1160,res_country_municipality_300,Foraneo Campo Elias
res_country_parish_1161,1161,res_country_municipality_33,Foraneo El Amparo
res_country_parish_1162,1162,res_country_municipality_30,Foraneo El Yagual
res_country_parish_1163,1163,res_country_municipality_30,Foraneo Guachara
res_country_parish_1164,1164,res_country_municipality_32,Foraneo Mantecal
res_country_parish_1165,1165,res_country_municipality_30,Foraneo Mucuritas
res_country_parish_1166,1166,res_country_municipality_30,Foraneo Queseras del Medio
res_country_parish_1167,1167,res_country_municipality_32,Foraneo Quintero
res_country_parish_1168,1168,res_country_municipality_32,Foraneo Rincon Hondo
res_country_parish_1169,1169,res_country_municipality_306,Foraneo Salom
res_country_parish_1170,1170,res_country_municipality_33,Foraneo San Camilo
res_country_parish_1171,1171,res_country_municipality_32,Foraneo San Vicente
res_country_parish_1172,1172,res_country_municipality_306,Foraneo Temerla
res_country_parish_1173,1173,res_country_municipality_33,Foraneo Urdaneta
res_country_parish_1174,1174,res_country_municipality_249,Guiria
res_country_parish_1175,1175,res_country_municipality_213,Garcia
res_country_parish_1176,1176,res_country_municipality_258,Garcia de Hevia
res_country_parish_1177,1177,res_country_municipality_99,General en Jefe Jose Laurencio Silva 5/
res_country_parish_1178,1178,res_country_municipality_214,Gomez
res_country_parish_1179,1179,res_country_municipality_18,Guanipa
res_country_parish_1180,1180,res_country_municipality_261,Jauregui
res_country_parish_1181,1181,res_country_municipality_287,Jose Leonardo Saurez
res_country_parish_1182,1182,res_country_municipality_42,Jose Rafael Revenga
res_country_parish_1183,1183,res_country_municipality_162,Julio Cesar Salas
res_country_parish_1184,1184,res_country_municipality_163,Justo Briceño
res_country_parish_1185,1185,res_country_municipality_304,La Trinidad
res_country_parish_1186,1186,res_country_municipality_67,Las Bonitas
res_country_parish_1187,1187,res_country_municipality_320,Libertad
res_country_parish_1188,1188,res_country_municipality_265,Libertador
res_country_parish_1189,1189,res_country_municipality_67,Los Pijiguaos
res_country_parish_1190,1190,res_country_municipality_305,Manuel Monge
res_country_parish_1191,1191,res_country_municipality_217,Mariño
res_country_parish_1192,1192,res_country_municipality_235,Mariño
res_country_parish_1193,1193,res_country_municipality_44,Mario Briceño Iragorry
res_country_parish_1194,1194,res_country_municipality_245,Mejia
res_country_parish_1195,1195,res_country_municipality_226,Monseñor Jose Vicente de Unda
res_country_parish_1196,1196,res_country_municipality_269,Municipio Capital Pedro Maria Ureña
res_country_parish_1197,1197,res_country_municipality_271,Municipio Capital Samuel Dario Maldonado
res_country_parish_1198,1198,res_country_municipality_273,Municipio Capital Seboruco
res_country_parish_1199,1199,res_country_municipality_275,Municipio Capital Sucre
res_country_parish_1200,1200,res_country_municipality_277,Municipio Capital Uribante
res_country_parish_1201,1201,res_country_municipality_37,Municipio Capital Bolivar
res_country_parish_1202,1202,res_country_municipality_38,Municipio Capital Camatagua
res_country_parish_1203,1203,res_country_municipality_40,Municipio Capital Jose Angel Lamas
res_country_parish_1204,1204,res_country_municipality_41,Municipio Capital Jose Felix Ribas
res_country_parish_1205,1205,res_country_municipality_47,No Urbana Alfredo Pacheco Miranda
res_country_parish_1206,1206,res_country_municipality_52,No Urbana Augusto Mijares
res_country_parish_1207,1207,res_country_municipality_78,No Urbana Belen
res_country_parish_1208,1208,res_country_municipality_87,No Urbana Borburata
res_country_parish_1209,1209,res_country_municipality_77,No Urbana Canoabo
res_country_parish_1210,1210,res_country_municipality_54,No Urbana Monseñor Feliciano Gonzales
res_country_parish_1211,1211,res_country_municipality_90,No Urbana Negro Primero
res_country_parish_1212,1212,res_country_municipality_87,No Urbana Patanemo
res_country_parish_1213,1213,res_country_municipality_77,No Urbana Simon Bolivar
res_country_parish_1214,1214,res_country_municipality_78,No Urbana Tacarigua
res_country_parish_1215,1215,res_country_municipality_81,No Urbana Urama
res_country_parish_1216,1216,res_country_municipality_80,No Urbana Yagua
res_country_parish_1217,1217,res_country_municipality_166,Obispo Ramos de Lora
res_country_parish_1218,1218,res_country_municipality_63,Paez
res_country_parish_1219,1219,res_country_municipality_26,Piritu
res_country_parish_1220,1220,res_country_municipality_121,Piritu
res_country_parish_1221,1221,res_country_municipality_228,Paez
res_country_parish_1222,1222,res_country_municipality_167,Padre Noguera
res_country_parish_1223,1223,res_country_municipality_191,Parroquia Cupira
res_country_parish_1224,1224,res_country_municipality_191,Parroquia Machurucuto
res_country_parish_1225,1225,res_country_municipality_126,Parroquia Las Vegas del Tuy
res_country_parish_1226,1226,res_country_municipality_307,Peña
res_country_parish_1227,1227,res_country_municipality_226,Peña Blanca
res_country_parish_1228,1228,res_country_municipality_36,Peñalver
res_country_parish_1229,1229,res_country_municipality_218,Peninsula de Macanao
res_country_parish_1230,1230,res_country_municipality_165,Piñango
res_country_parish_1231,1231,res_country_municipality_205,Piar
res_country_parish_1232,1232,res_country_municipality_155,Pinto Salinas
res_country_parish_1233,1233,res_country_municipality_206,Punceres
res_country_parish_1234,1234,res_country_municipality_97,Romulo Gallegos
res_country_parish_1235,1235,res_country_municipality_235,Romulo Gallegos
res_country_parish_1236,1236,res_country_municipality_327,Romulo Gallegos
res_country_parish_1237,1237,res_country_municipality_169,Rangel
res_country_parish_1238,1238,res_country_municipality_230,San Genaro de Boconoito
res_country_parish_1239,1239,res_country_municipality_257,San Jose de Bolivar
res_country_parish_1240,1240,res_country_municipality_320,San Jose de Perija
res_country_parish_1241,1241,res_country_municipality_233,San Jose de Saguaz
res_country_parish_1242,1242,res_country_municipality_248,Santa Fe
res_country_parish_1243,1243,res_country_municipality_232,Santa Rosalia
res_country_parish_1244,1244,res_country_municipality_66,Seccion Cachamay
res_country_parish_1245,1245,res_country_municipality_67,Seccion Capital Cedeño
res_country_parish_1246,1246,res_country_municipality_68,Seccion Capital El Callao
res_country_parish_1247,1247,res_country_municipality_69,Seccion Capital Gran Sabana
res_country_parish_1248,1248,res_country_municipality_76,Seccion Capital Padre Pedro Chien
res_country_parish_1249,1249,res_country_municipality_71,Seccion Capital Piar
res_country_parish_1250,1250,res_country_municipality_72,Seccion Capital Raul Leoni
res_country_parish_1251,1251,res_country_municipality_73,Seccion Capital Roscio
res_country_parish_1252,1252,res_country_municipality_74,Seccion Capital Sifontes
res_country_parish_1253,1253,res_country_municipality_75,Seccion Capital Suarez
res_country_parish_1254,1254,res_country_municipality_208,Sotillo
res_country_parish_1255,1255,res_country_municipality_48,Stos.Michelenas
res_country_parish_1256,1256,res_country_municipality_172,Sucre
res_country_parish_1257,1257,res_country_municipality_233,Sucre
res_country_parish_1258,1258,res_country_municipality_309,Sucre
res_country_parish_1259,1259,res_country_municipality_185,Tucata
res_country_parish_1260,1260,res_country_municipality_276,Torbess
res_country_parish_1261,1261,res_country_municipality_219,Tubores
res_country_parish_1262,1262,res_country_municipality_174,Tulio Febres Cordero
res_country_parish_1263,1263,res_country_municipality_30,Urbana Achaguas
res_country_parish_1264,1264,res_country_municipality_79,Urbana Aguas Calientes
res_country_parish_1265,1265,res_country_municipality_39,Urbana Andres Eloy Blanco
res_country_parish_1266,1266,res_country_municipality_87,Urbana Bartolome Salom
res_country_parish_1267,1267,res_country_municipality_77,Urbana Bejuma
res_country_parish_1268,1268,res_country_municipality_31,Urbana Biruaca
res_country_parish_1269,1269,res_country_municipality_32,Urbana Bruzual
res_country_parish_1270,1270,res_country_municipality_90,Urbana Candelaria
res_country_parish_1271,1271,res_country_municipality_90,Urbana Catedral
res_country_parish_1272,1272,res_country_municipality_80,Urbana Ciudad Alianza
res_country_parish_1273,1273,res_country_municipality_87,Urbana Democracia
res_country_parish_1274,1274,res_country_municipality_90,Urbana El Socorro
res_country_parish_1275,1275,res_country_municipality_35,Urbana Elorza
res_country_parish_1276,1276,res_country_municipality_87,Urbana Fraternidad
res_country_parish_1277,1277,res_country_municipality_78,Urbana Guigue
res_country_parish_1278,1278,res_country_municipality_87,Urbana Goaigoaza
res_country_parish_1279,1279,res_country_municipality_80,Urbana Guacara
res_country_parish_1280,1280,res_country_municipality_33,Urbana Guasdualito
res_country_parish_1281,1281,res_country_municipality_82,Urbana Independencia
res_country_parish_1282,1282,res_country_municipality_39,Urbana Joaquin Crespo
res_country_parish_1283,1283,res_country_municipality_39,Urbana Jose Casanova Godoy
res_country_parish_1284,1284,res_country_municipality_87,Urbana Juan Jose Flores
res_country_parish_1285,1285,res_country_municipality_39,Urbana Las Delicias
res_country_parish_1286,1286,res_country_municipality_83,Urbana Los Guayos
res_country_parish_1287,1287,res_country_municipality_39,Urbana Los Tacariguas
res_country_parish_1288,1288,res_country_municipality_39,Urbana Madre Maria de San Jose
res_country_parish_1289,1289,res_country_municipality_79,Urbana Mariara
res_country_parish_1290,1290,res_country_municipality_90,Urbana Miguel Peña
res_country_parish_1291,1291,res_country_municipality_84,Urbana Miranda
res_country_parish_1292,1292,res_country_municipality_85,Urbana Montalban
res_country_parish_1293,1293,res_country_municipality_81,Urbana Moron
res_country_parish_1294,1294,res_country_municipality_86,Urbana Naguanagua
res_country_parish_1295,1295,res_country_municipality_39,Urbana Pedro Jose Ovalles
res_country_parish_1296,1296,res_country_municipality_90,Urbana Rafael Urdaneta
res_country_parish_1297,1297,res_country_municipality_90,Urbana San Blas
res_country_parish_1298,1298,res_country_municipality_88,Urbana San Diego
res_country_parish_1299,1299,res_country_municipality_36,Urbana San Fernando
res_country_parish_1300,1300,res_country_municipality_89,Urbana San Joaquin
res_country_parish_1301,1301,res_country_municipality_90,Urbana San Jose
res_country_parish_1302,1302,res_country_municipality_34,Urbana San Juan de Payara
res_country_parish_1303,1303,res_country_municipality_90,Urbana Santa Rosa
res_country_parish_1304,1304,res_country_municipality_82,Urbana Tocuyito
res_country_parish_1305,1305,res_country_municipality_87,Urbana Union
res_country_parish_1306,1306,res_country_municipality_262,Vargas
res_country_parish_1307,1307,res_country_municipality_311,Veroes
res_country_parish_1308,1308,res_country_municipality_220,Villalba
res_country_parish_1309,1309,res_country_municipality_52,Zamora
res_country_parish_1310,1310,res_country_municipality_197,Acosta
res_country_parish_1311,1311,res_country_municipality_210,Antolin del Campo
res_country_parish_1312,1312,res_country_municipality_154,Andres Bello
res_country_parish_1313,1313,res_country_municipality_250,Andres Bello
res_country_parish_1314,1314,res_country_municipality_251,Antonio Romulo Acosta
res_country_parish_1315,1315,res_country_municipality_211,Arismendi
res_country_parish_1316,1316,res_country_municipality_298,Aristides Bastidas
res_country_parish_1317,1317,res_country_municipality_157,Arzobispo Chacon
res_country_parish_1318,1318,res_country_municipality_303,Jose Antonio Paez
res_country_parish_1319,1319,res_country_municipality_171,Santos Marquina
